{
  "Sample": {
    "Title": "How to secure a Web API built with ASP.NET Core using the Microsoft identity platform (formerly Azure Active Directory for developers)",
    "Level": 200,
    "Client": "ASP.NET Core Web App",
    "Service": "ASP.NET Core Web API",
    "RepositoryUrl": "active-directory-aspnetcore-webapp-openidconnect-v2",
    "Endpoint": "AAD v2.0"
  },

  /*
    This section describes the Azure AD Applications to configure, and their dependencies
  */
  "AADApps": [
    {
      "Id": "service",
      "Name": "TodoListService-aspnetcore-webapi",
      "Kind": "WebApi",
      "Audience": "AzureADMyOrg",
      "HomePage": "https://localhost:44351"
     
    },
    {
      "Id": "client",
      "Name": "TodoListClient-aspnetcore-webapi",
      "Kind": "WebApp",
      "Audience": "AzureADMyOrg",
      "HomePage": "https://localhost:44321/",
      "ReplyUrls": "https://localhost:44321/, https://localhost:44321/signin-oidc",
      "LogoutUrl": "https://localhost:44321/signout-oidc",
      "PasswordCredentials": "Auto",
      "RequiredResourcesAccess": [
        {
          "Resource": "service",
          "DelegatedPermissions": [ "access_as_user" ]
        }
      ]
    }
  ],

  /*
    This section describes how to update the code in configuration files from the apps coordinates, once the apps
    are created in Azure AD.
    Each section describes a configuration file, for one of the apps, it's type (XML, JSon, plain text), its location
    with respect to the root of the sample, and the mappping (which string in the config file is mapped to which value
  */
  "CodeConfiguration": [
    {
      "App": "service",
      "SettingKind": "Text",
      "SettingFile": "\\..\\TodoListService\\appsettings.json",
      "Mappings": [
        {
          "key": "Domain",
          "value": "$tenantName"
        },
        {
          "key": "TenantId",
          "value": "$tenantId"
        },
        {
          "key": "ClientId",
          "value": "service.AppId"
        }
      ]
    },

    {
      "App": "client",
      "SettingKind": "Text",
      "SettingFile": "\\..\\Client\\appsettings.json",
      "Mappings": [
        {
          "key": "Domain",
          "value": "$tenantName"
        },
        {
          "key": "TenantId",
          "value": "$tenantId"
        },
        {
          "key": "ClientId",
          "value": ".AppId"
        },
        {
          "key": "ClientSecret",
          "value": ".AppKey"
        },
        {
          "key": "TodoListScope",
          "value": "service.Scope"
        },
        {
          "key": "TodoListBaseAddress",
          "value": "service.HomePage"
        }
      ]
    }
  ]
}
